Domain,Name,Description
Person,Virgil Howard,A middle school science teacher in Portland who recently started meal prepping and hiking on weekends to feel more energized for his students and upcoming backpacking trip.
Person,Darya Muntoe,"A customer service rep for a telecom company, Darya works remotely, managing calls while juggling bills and student loan payments from her old grad degree."
Person,Seung Foster,A financial advisor in Portland balancing client portfolios and early-morning marathon training. Uses long runs to clear his head after back-to-back Zoom meetings.
Person,Emilio Woods,"Head chef at a struggling downtown bistro, Emilio copes with loneliness by hosting quirky themed dinner pop-ups, hoping to connect with someone beyond the kitchen."
Person,Hiroshi Escobar,"A project manager in construction, Hiroshi works nights as a rideshare driver after a decade-long layoff left him financially strained. He's determined to keep his family afloat despite burnout."
Person,Kevin Coelho,"A junior data analyst at a nonprofit focused on education equity. He finds meaning in his work and values his consistent schedule, which lets him volunteer weekly."
Person,Jasmine Raj,"A once-competitive bodybuilder, now a personal trainer in Miami, juggling hormonal teens, aging clients, and her own fading fitness glory."
Person,Samir Solomon,"Lifestyle blogger and micro-influencer balancing brand partnerships, a 9-to-5 marketing job, and raising a toddler as a single dad in denver"
Person,Yasuko Su,A retired teacher who turned to pharmaceutical sales at 68 to stay active and cover rising medical bills. Now lives on a fixed income but refuses to downsize her city apartment.
Person,Polina Song,"A nasa astronaut preparing for a mars mission, she's running her first marathon to maintain discipline and mental focus during prolonged isolation training"
Person,Audrey Desai,"A freelance photographer splitting time between albuquerque and taos, finally booking a solo trip to iceland after years of planning — chasing northern lights and quiet"
Person,Tendai Qiu,Senior software engineer restarting his career after returning to school mid-life; now balancing full-time work with paying off $80K in student loans by 60.
Person,Ricardo Orozco,A child welfare social worker in Oakland who's launching a community zine spotlighting foster youth stories—funded through late-night gigs and grant hustles.
Person,Luz Valenzuela,A marketing manager in Portland balancing a high-pressure rebrand campaign while planning a long-overdue solo hiking trip to Patagonia—her escape valve.
Person,Manuel Neves,"Barista at a quiet neighborhood café for 15 years; manages chronic pain with routine and mindfulness. Finds joy in crafting perfect latte art, seeing each cup as a small act of kindness."
Person,Shivani Pan,A paramedic who recently moved from chicago to portland for a quieter life and better work-life balance. still getting used to the rain and the streets.
Person,Grace Ayala,A retired Spanish-English interpreter who returned to part-time remote work after her daughter’s sudden passing; now raising her two grandkids while translating legal documents late into the night.
Person,Arwa Ramos,"A lab technician analyzing water quality by day, Arwa spends evenings volunteering with a community science group teaching kids about environmental health in underserved neighborhoods."
Person,Fatima Sheikh,"A night shift security guard at a downtown museum in Detroit, Fatima balances quiet patrols with caring for her mother, who has early-stage dementia, finding joy in small acts of connection."
Person,Menna Habib,"A fast food cashier in Detroit saving for dental work, Menna’s grinding through Duolingo’s Icelandic course at 2 a.m. because 'it’s quiet then, and the end of the world feels relatable.'"
Person,Melanie Savić,"A veteran police officer nearing retirement, she's meticulously planning a solo backpacking trip through Japan's Kumano Kodo trails, seeking quiet reflection and a deeper connection with nature after decades of urban service."
Person,Miriam Saleh,"A massage therapist who owns a small wellness studio, Miriam has built a loyal client base over 20 years and now enjoys a balanced schedule that lets her train for amateur boxing matches every weekend."
Person,Audrey Müller,"A veteran firefighter at Station 18, Audrey now mentors rookies and leads safety drills, finding purpose in guiding others while adjusting to quiet weekends without her twin daughters at home."
Person,Reem Pal,"A veteran bank teller in a shrinking branch network, Reem has worked overtime for years to chip away at her and her daughter’s student loans, now facing automation that threatens her job."
Person,Parveen Rojas,"A hospital pharmacist in Cleveland who just earned a promotion to clinical coordinator after years of double shifts and night classes, though she can't shake the feeling her younger colleagues got there faster."
Person,Marisol Mbatha,"A newly single mom and HR generalist at a fast-growing startup, Marisol masters naptime scheduling and benefits enrollment with equal precision, turning chaos into color-coded systems."
Person,Leila Verma,"An HR Generalist in Toronto, Leila manages employee relations by day and solo-parents her twin 8-year-olds after school, often booking last-minute weekend trips to keep them—and herself—from burning out."
Person,Ikram Shi,"A librarian in seattle managing a quiet life of order and routine while privately coordinating care for their ailing mother, finding solace in small acts of rebellion like reorganizing the fiction section by mood"
Person,Wei Obara,"A veteran middle school science teacher managing her son's rare neurological condition, she's spent more nights in hospital corridors than at home, balancing lesson plans with medical logs."
Person,Ren Efremov,"A trust fund recipient in Austin who’s methodically saving for a midcentury modern fixer-upper, splitting time between managing inherited assets and hosting a chaotic, beloved backyard comedy podcast."
Person,Nomvula Lu,"A retired IT support specialist in Cape Town who now freelances part-time while taking online courses in digital art; she reinvents herself with joy, proving curiosity has no expiry date."
Person,Audrey Ramírez,"An ER nurse in Seattle, Audrey’s counting down to her first solo backpacking trip through Patagonia—a dream she’s saved for years to afford, balancing night shifts and a quiet fear of the unknown."